excel_row,reason,compte,centre,designation,montant
5,invalid_required_fields,6611000,93.3.8.3 endoscopie,SALAIRES,None
17,invalid_required_fields,6611000,93.3.20.2 Hospitalisations Ophtalmologie,SALAIRES,None
43,invalid_required_fields,6611000,93.3.3.2 Mise en Observations Consultations externes,SALAIRES,None
58,invalid_required_fields,6611000,93.3.12.2 Hospitalisations de jour Néphrologie Hémodialyse,SALAIRES,None
61,invalid_required_fields,6611000,93.1.1.2.1 CA,SALAIRES,None
62,invalid_required_fields,6611000,93.1.1.2.2 CME,SALAIRES,None
63,invalid_required_fields,6611000,93.1.1.2.3 CTE,SALAIRES,None
64,invalid_required_fields,6611000,93.1.1.2.4 Commission de passation des marchés,SALAIRES,None
76,invalid_required_fields,6611000,93.1.3.2 division Comptabilité analytique,SALAIRES,None
77,invalid_required_fields,6611000,93.1.3.3 division suivi budgétaire,SALAIRES,None
79,invalid_required_fields,6611000,93.1.11.1 Brancardage,SALAIRES,None
80,invalid_required_fields,6611000,93.1.11.2 Division qualité ,SALAIRES,None
82,invalid_required_fields,6611000,93.1.11.4.1 CLIN,SALAIRES,None
83,invalid_required_fields,6611000,93.1.11.4.2 Comité 5S,SALAIRES,None
85,invalid_required_fields,6611000,93.1.9.2 Cellule de communication,SALAIRES,None
87,invalid_required_fields,6611000,93.1.9.4 Prise en charge des Cas sociaux,SALAIRES,None
88,invalid_required_fields,6611000,93.1.9.5 MAGAL,SALAIRES,None
92,invalid_required_fields,6611000,93.1.5.3.1 Bureau formation,SALAIRES,None
94,invalid_required_fields,6611000,93.1.5.3.3 CHST,SALAIRES,None
108,invalid_required_fields,6612000,93.3.8.3 endoscopie,RESPONSABILITE,None
120,invalid_required_fields,6612000,93.3.20.2 Hospitalisations Ophtalmologie,RESPONSABILITE,None
142,invalid_required_fields,6612000,93.1.14.1 Pharmacie IB,RESPONSABILITE,None
148,invalid_required_fields,6612000,93.3.3.2 Mise en Observations Consultations externes,RESPONSABILITE,None
150,invalid_required_fields,6612000,93.3.7.1 consultations Dermatologie,RESPONSABILITE,None
151,invalid_required_fields,6612000,93.3.7.2 Hospitalisations Dermatologie,RESPONSABILITE,None
152,invalid_required_fields,6612000,93.3.7.3 Actes Dermatologie,RESPONSABILITE,None
163,invalid_required_fields,6612000,93.3.12.2 Hospitalisations de jour Néphrologie Hémodialyse,RESPONSABILITE,None
169,invalid_required_fields,6612000,93.1.1.2.1 CA,RESPONSABILITE,None
170,invalid_required_fields,6612000,93.1.1.2.2 CME,RESPONSABILITE,None
171,invalid_required_fields,6612000,93.1.1.2.3 CTE,RESPONSABILITE,None
172,invalid_required_fields,6612000,93.1.1.2.4 Commission de passation des marchés,RESPONSABILITE,None
185,invalid_required_fields,6612000,93.1.3.3 division suivi budgétaire,RESPONSABILITE,None
187,invalid_required_fields,6612000,93.1.11.1 Brancardage,RESPONSABILITE,None
188,invalid_required_fields,6612000,93.1.11.2 Division qualité ,RESPONSABILITE,None
190,invalid_required_fields,6612000,93.1.11.4.1 CLIN,RESPONSABILITE,None
191,invalid_required_fields,6612000,93.1.11.4.2 Comité 5S,RESPONSABILITE,None
193,invalid_required_fields,6612000,93.1.9.2 Cellule de communication,RESPONSABILITE,None
195,invalid_required_fields,6612000,93.1.9.4 Prise en charge des Cas sociaux,RESPONSABILITE,None
196,invalid_required_fields,6612000,93.1.9.5 MAGAL,RESPONSABILITE,None
200,invalid_required_fields,6612000,93.1.5.3.1 Bureau formation,RESPONSABILITE,None
202,invalid_required_fields,6612000,93.1.5.3.3 CHST,RESPONSABILITE,None
216,invalid_required_fields,6618000,93.3.8.3 endoscopie,ASTREINTE,None
228,invalid_required_fields,6618000,93.3.20.2 Hospitalisations Ophtalmologie,ASTREINTE,None
239,invalid_required_fields,6618000,93.3.16.1 Séance ,ASTREINTE,None
250,invalid_required_fields,6618000,93.1.14.1 Pharmacie IB,ASTREINTE,None
256,invalid_required_fields,6618000,93.3.3.2 Mise en Observations Consultations externes,ASTREINTE,None
258,invalid_required_fields,6618000,93.3.7.1 consultations Dermatologie,ASTREINTE,None
259,invalid_required_fields,6618000,93.3.7.2 Hospitalisations Dermatologie,ASTREINTE,None
260,invalid_required_fields,6618000,93.3.7.3 Actes Dermatologie,ASTREINTE,None
271,invalid_required_fields,6618000,93.3.12.2 Hospitalisations de jour Néphrologie Hémodialyse,ASTREINTE,None
276,invalid_required_fields,6618000,93.1.1.1 Secrétariat Direction,ASTREINTE,None
277,invalid_required_fields,6618000,93.1.1.2.1 CA,ASTREINTE,None
278,invalid_required_fields,6618000,93.1.1.2.2 CME,ASTREINTE,None
279,invalid_required_fields,6618000,93.1.1.2.3 CTE,ASTREINTE,None
280,invalid_required_fields,6618000,93.1.1.2.4 Commission de passation des marchés,ASTREINTE,None
287,invalid_required_fields,6618000,93.1.6.1 Secrétariat ACP,ASTREINTE,None
288,invalid_required_fields,6618000,93.1.6.2.1 Caisse dépenses,ASTREINTE,None
289,invalid_required_fields,6618000,93.1.6.2.2 Caisse recettes (caisse principale),ASTREINTE,None
290,invalid_required_fields,6618000,93.1.6.3 Division recouvrement,ASTREINTE,None
292,invalid_required_fields,6618000,93.1.3.2 division Comptabilité analytique,ASTREINTE,None
293,invalid_required_fields,6618000,93.1.3.3 division suivi budgétaire,ASTREINTE,None
295,invalid_required_fields,6618000,93.1.11.1 Brancardage,ASTREINTE,None
296,invalid_required_fields,6618000,93.1.11.2 Division qualité ,ASTREINTE,None
298,invalid_required_fields,6618000,93.1.11.4.1 CLIN,ASTREINTE,None
299,invalid_required_fields,6618000,93.1.11.4.2 Comité 5S,ASTREINTE,None
301,invalid_required_fields,6618000,93.1.9.2 Cellule de communication,ASTREINTE,None
303,invalid_required_fields,6618000,93.1.9.4 Prise en charge des Cas sociaux,ASTREINTE,None
304,invalid_required_fields,6618000,93.1.9.5 MAGAL,ASTREINTE,None
308,invalid_required_fields,6618000,93.1.5.3.1 Bureau formation,ASTREINTE,None
310,invalid_required_fields,6618000,93.1.5.3.3 CHST,ASTREINTE,None
315,invalid_required_fields,6618000,93.1. 13.1 Division hygiène,ASTREINTE,None
316,invalid_required_fields,6618000,93.1. 13.2 Division sécurité,ASTREINTE,None
317,invalid_required_fields,6618000,93.1.7.1 Magasin CM,ASTREINTE,None
318,invalid_required_fields,6618000,93.1.7.2 Comptabilité des matières S,ASTREINTE,None
339,invalid_required_fields,6041100,93.3.20.2 Hospitalisations Ophtalmologie,MEDICAMENT ET CONSOMMABLE,None
361,invalid_required_fields,6041100,93.1.14.1 Pharmacie IB,MEDICAMENT ET CONSOMMABLE,None
364,invalid_required_fields,6041100,93.3.3.2 Mise en Observations Consultations externes,MEDICAMENT ET CONSOMMABLE,None
379,invalid_required_fields,6041100,93.3.12.2 Hospitalisations de jour Néphrologie Hémodialyse,MEDICAMENT ET CONSOMMABLE,None
385,invalid_required_fields,6041100,93.1.1.2.1 CA,MEDICAMENT ET CONSOMMABLE,None
386,invalid_required_fields,6041100,93.1.1.2.2 CME,MEDICAMENT ET CONSOMMABLE,None
387,invalid_required_fields,6041100,93.1.1.2.3 CTE,MEDICAMENT ET CONSOMMABLE,None
388,invalid_required_fields,6041100,93.1.1.2.4 Commission de passation des marchés,MEDICAMENT ET CONSOMMABLE,None
401,invalid_required_fields,6041100,93.1.3.3 division suivi budgétaire,MEDICAMENT ET CONSOMMABLE,None
402,invalid_required_fields,6041100,93.1.4.1 Audit interne,MEDICAMENT ET CONSOMMABLE,None
404,invalid_required_fields,6041100,93.1.11.2 Division qualité ,MEDICAMENT ET CONSOMMABLE,None
406,invalid_required_fields,6041100,93.1.11.4.1 CLIN,MEDICAMENT ET CONSOMMABLE,None
407,invalid_required_fields,6041100,93.1.11.4.2 Comité 5S,MEDICAMENT ET CONSOMMABLE,None
409,invalid_required_fields,6041100,93.1.9.2 Cellule de communication,MEDICAMENT ET CONSOMMABLE,None
411,invalid_required_fields,6041100,93.1.9.4 Prise en charge des Cas sociaux,MEDICAMENT ET CONSOMMABLE,None
412,invalid_required_fields,6041100,93.1.9.5 MAGAL,MEDICAMENT ET CONSOMMABLE,None
416,invalid_required_fields,6041100,93.1.5.3.1 Bureau formation,MEDICAMENT ET CONSOMMABLE,None
418,invalid_required_fields,6041100,93.1.5.3.3 CHST,MEDICAMENT ET CONSOMMABLE,None
427,invalid_required_fields,6041100,93.1.8.1 SIH,MEDICAMENT ET CONSOMMABLE,None
428,invalid_required_fields,6041100,93.1.8.2 Division des archives,MEDICAMENT ET CONSOMMABLE,None
437,invalid_required_fields,6631200,93.3.8.3 endoscopie,INDEMNITES DE TRANSPORT,None
449,invalid_required_fields,6631200,93.3.20.2 Hospitalisations Ophtalmologie,INDEMNITES DE TRANSPORT,None
457,invalid_required_fields,6631200,93.3.15.1 Consultations Orthopédie,INDEMNITES DE TRANSPORT,None
458,invalid_required_fields,6631200,93.3.15.2 Hospitalisations Orthopédie,INDEMNITES DE TRANSPORT,None
459,invalid_required_fields,6631200,93.3.15.3 Actes chirurgicaux Orthopédie,INDEMNITES DE TRANSPORT,None
471,invalid_required_fields,6631200,93.1.14.1 Pharmacie IB,INDEMNITES DE TRANSPORT,None
477,invalid_required_fields,6631200,93.3.3.2 Mise en Observations Consultations externes,INDEMNITES DE TRANSPORT,None
479,invalid_required_fields,6631200,93.3.7.1 consultations Dermatologie,INDEMNITES DE TRANSPORT,None
480,invalid_required_fields,6631200,93.3.7.2 Hospitalisations Dermatologie,INDEMNITES DE TRANSPORT,None
481,invalid_required_fields,6631200,93.3.7.3 Actes Dermatologie,INDEMNITES DE TRANSPORT,None
482,invalid_required_fields,6631200,93.3.6.1 consultations Cardiologie,INDEMNITES DE TRANSPORT,None
483,invalid_required_fields,6631200,93.3.6.2 hospitalisations Cardiologie,INDEMNITES DE TRANSPORT,None
484,invalid_required_fields,6631200,93.3.6.3 ECG,INDEMNITES DE TRANSPORT,None
485,invalid_required_fields,6631200,93.3.6.4 MAPA,INDEMNITES DE TRANSPORT,None
486,invalid_required_fields,6631200,93.3.6.5 Echocoeur,INDEMNITES DE TRANSPORT,None
487,invalid_required_fields,6631200,93.3.6.6 Holter,INDEMNITES DE TRANSPORT,None
491,invalid_required_fields,6631200,93.3.12.1 Consultations Néphrologie Hémodialyse,INDEMNITES DE TRANSPORT,None
492,invalid_required_fields,6631200,93.3.12.2 Hospitalisations de jour Néphrologie Hémodialyse,INDEMNITES DE TRANSPORT,None
493,invalid_required_fields,6631200,93.3.12.3 Dialyse,INDEMNITES DE TRANSPORT,None
494,invalid_required_fields,6631200,93.3.18.1 Consultations Urologie,INDEMNITES DE TRANSPORT,None
495,invalid_required_fields,6631200,93.3.18.2 Hospitalisations Urologie,INDEMNITES DE TRANSPORT,None
496,invalid_required_fields,6631200,93.3.18.3 actes Urologie,INDEMNITES DE TRANSPORT,None
498,invalid_required_fields,6631200,93.1.1.2.1 CA,INDEMNITES DE TRANSPORT,None
499,invalid_required_fields,6631200,93.1.1.2.2 CME,INDEMNITES DE TRANSPORT,None
500,invalid_required_fields,6631200,93.1.1.2.3 CTE,INDEMNITES DE TRANSPORT,None
501,invalid_required_fields,6631200,93.1.1.2.4 Commission de passation des marchés,INDEMNITES DE TRANSPORT,None
514,invalid_required_fields,6631200,93.1.3.3 division suivi budgétaire,INDEMNITES DE TRANSPORT,None
516,invalid_required_fields,6631200,93.1.11.1 Brancardage,INDEMNITES DE TRANSPORT,None
517,invalid_required_fields,6631200,93.1.11.2 Division qualité ,INDEMNITES DE TRANSPORT,None
518,invalid_required_fields,6631200,93.1.11.3 Division formation,INDEMNITES DE TRANSPORT,None
519,invalid_required_fields,6631200,93.1.11.4.1 CLIN,INDEMNITES DE TRANSPORT,None
520,invalid_required_fields,6631200,93.1.11.4.2 Comité 5S,INDEMNITES DE TRANSPORT,None
522,invalid_required_fields,6631200,93.1.9.2 Cellule de communication,INDEMNITES DE TRANSPORT,None
524,invalid_required_fields,6631200,93.1.9.4 Prise en charge des Cas sociaux,INDEMNITES DE TRANSPORT,None
525,invalid_required_fields,6631200,93.1.9.5 MAGAL,INDEMNITES DE TRANSPORT,None
526,invalid_required_fields,6631200,93.1.5.1 Secrétariat RH,INDEMNITES DE TRANSPORT,None
527,invalid_required_fields,6631200,93.1.5.2.1 Administration du personnel,INDEMNITES DE TRANSPORT,None
528,invalid_required_fields,6631200,93.1.5.2.2 Gestion de la paie,INDEMNITES DE TRANSPORT,None
529,invalid_required_fields,6631200,93.1.5.3.1 Bureau formation,INDEMNITES DE TRANSPORT,None
530,invalid_required_fields,6631200,93.1.5.3.2 Gestion des carrières et des compétences,INDEMNITES DE TRANSPORT,None
531,invalid_required_fields,6631200,93.1.5.3.3 CHST,INDEMNITES DE TRANSPORT,None
540,invalid_required_fields,6631200,93.1.8.1 SIH,INDEMNITES DE TRANSPORT,None
541,invalid_required_fields,6631200,93.1.8.2 Division des archives,INDEMNITES DE TRANSPORT,None
545,invalid_required_fields,6631300,93.3.8.3 endoscopie,INDEMNITES DE LOGEMENT,None
557,invalid_required_fields,6631300,93.3.20.2 Hospitalisations Ophtalmologie,INDEMNITES DE LOGEMENT,None
579,invalid_required_fields,6631300,93.1.14.1 Pharmacie IB,INDEMNITES DE LOGEMENT,None
585,invalid_required_fields,6631300,93.3.3.2 Mise en Observations Consultations externes,INDEMNITES DE LOGEMENT,None
587,invalid_required_fields,6631300,93.3.7.1 consultations Dermatologie,INDEMNITES DE LOGEMENT,None
588,invalid_required_fields,6631300,93.3.7.2 Hospitalisations Dermatologie,INDEMNITES DE LOGEMENT,None
589,invalid_required_fields,6631300,93.3.7.3 Actes Dermatologie,INDEMNITES DE LOGEMENT,None
600,invalid_required_fields,6631300,93.3.12.2 Hospitalisations de jour Néphrologie Hémodialyse,INDEMNITES DE LOGEMENT,None
605,invalid_required_fields,6631300,93.1.1.1 Secrétariat Direction,INDEMNITES DE LOGEMENT,None
606,invalid_required_fields,6631300,93.1.1.2.1 CA,INDEMNITES DE LOGEMENT,None
607,invalid_required_fields,6631300,93.1.1.2.2 CME,INDEMNITES DE LOGEMENT,None
608,invalid_required_fields,6631300,93.1.1.2.3 CTE,INDEMNITES DE LOGEMENT,None
609,invalid_required_fields,6631300,93.1.1.2.4 Commission de passation des marchés,INDEMNITES DE LOGEMENT,None
610,invalid_required_fields,6631300,93.1.2.1 Secrétariat SAF,INDEMNITES DE LOGEMENT,None
611,invalid_required_fields,6631300,93.1.2.2.1 Bureau de la facturation,INDEMNITES DE LOGEMENT,None
612,invalid_required_fields,6631300,93.1.2.2.2 Bureau des entrées,INDEMNITES DE LOGEMENT,None
613,invalid_required_fields,6631300,93.1.2.3.1 Cuisine,INDEMNITES DE LOGEMENT,None
614,invalid_required_fields,6631300,93.1.2.3.2 Buanderie,INDEMNITES DE LOGEMENT,None
615,invalid_required_fields,6631300,93.1.2.3.3 Parc automobile,INDEMNITES DE LOGEMENT,None
616,invalid_required_fields,6631300,93.1.6.1 Secrétariat ACP,INDEMNITES DE LOGEMENT,None
617,invalid_required_fields,6631300,93.1.6.2.1 Caisse dépenses,INDEMNITES DE LOGEMENT,None
618,invalid_required_fields,6631300,93.1.6.2.2 Caisse recettes (caisse principale),INDEMNITES DE LOGEMENT,None
619,invalid_required_fields,6631300,93.1.6.3 Division recouvrement,INDEMNITES DE LOGEMENT,None
621,invalid_required_fields,6631300,93.1.3.2 division Comptabilité analytique,INDEMNITES DE LOGEMENT,None
622,invalid_required_fields,6631300,93.1.3.3 division suivi budgétaire,INDEMNITES DE LOGEMENT,None
624,invalid_required_fields,6631300,93.1.11.1 Brancardage,INDEMNITES DE LOGEMENT,None
625,invalid_required_fields,6631300,93.1.11.2 Division qualité ,INDEMNITES DE LOGEMENT,None
627,invalid_required_fields,6631300,93.1.11.4.1 CLIN,INDEMNITES DE LOGEMENT,None
628,invalid_required_fields,6631300,93.1.11.4.2 Comité 5S,INDEMNITES DE LOGEMENT,None
630,invalid_required_fields,6631300,93.1.9.2 Cellule de communication,INDEMNITES DE LOGEMENT,None
632,invalid_required_fields,6631300,93.1.9.4 Prise en charge des Cas sociaux,INDEMNITES DE LOGEMENT,None
633,invalid_required_fields,6631300,93.1.9.5 MAGAL,INDEMNITES DE LOGEMENT,None
637,invalid_required_fields,6631300,93.1.5.3.1 Bureau formation,INDEMNITES DE LOGEMENT,None
639,invalid_required_fields,6631300,93.1.5.3.3 CHST,INDEMNITES DE LOGEMENT,None
653,invalid_required_fields,6638200,93.3.8.3 endoscopie,PRIMES D'INTERESSEMENT,None
665,invalid_required_fields,6638200,93.3.20.2 Hospitalisations Ophtalmologie,PRIMES D'INTERESSEMENT,None
687,invalid_required_fields,6638200,93.1.14.1 Pharmacie IB,PRIMES D'INTERESSEMENT,None
693,invalid_required_fields,6638200,93.3.3.2 Mise en Observations Consultations externes,PRIMES D'INTERESSEMENT,None
695,invalid_required_fields,6638200,93.3.7.1 consultations Dermatologie,PRIMES D'INTERESSEMENT,None
696,invalid_required_fields,6638200,93.3.7.2 Hospitalisations Dermatologie,PRIMES D'INTERESSEMENT,None
697,invalid_required_fields,6638200,93.3.7.3 Actes Dermatologie,PRIMES D'INTERESSEMENT,None
708,invalid_required_fields,6638200,93.3.12.2 Hospitalisations de jour Néphrologie Hémodialyse,PRIMES D'INTERESSEMENT,None
714,invalid_required_fields,6638200,93.1.1.2.1 CA,PRIMES D'INTERESSEMENT,None
715,invalid_required_fields,6638200,93.1.1.2.2 CME,PRIMES D'INTERESSEMENT,None
716,invalid_required_fields,6638200,93.1.1.2.3 CTE,PRIMES D'INTERESSEMENT,None
717,invalid_required_fields,6638200,93.1.1.2.4 Commission de passation des marchés,PRIMES D'INTERESSEMENT,None
730,invalid_required_fields,6638200,93.1.3.3 division suivi budgétaire,PRIMES D'INTERESSEMENT,None
732,invalid_required_fields,6638200,93.1.11.1 Brancardage,PRIMES D'INTERESSEMENT,None
733,invalid_required_fields,6638200,93.1.11.2 Division qualité ,PRIMES D'INTERESSEMENT,None
735,invalid_required_fields,6638200,93.1.11.4.1 CLIN,PRIMES D'INTERESSEMENT,None
736,invalid_required_fields,6638200,93.1.11.4.2 Comité 5S,PRIMES D'INTERESSEMENT,None
739,invalid_required_fields,6638200,93.1.11.3 Division formation,PRIMES D'INTERESSEMENT,None
740,invalid_required_fields,6638200,93.1.9.4 Prise en charge des Cas sociaux,PRIMES D'INTERESSEMENT,None
741,invalid_required_fields,6638200,93.1.9.5 MAGAL,PRIMES D'INTERESSEMENT,None
745,invalid_required_fields,6638200,93.1.5.3.1 Bureau formation,PRIMES D'INTERESSEMENT,None
747,invalid_required_fields,6638200,93.1.5.3.3 CHST,PRIMES D'INTERESSEMENT,None
761,invalid_required_fields,6638300,93.3.8.3 endoscopie,MOTIVATION NATIONALE,None
767,invalid_required_fields,6638300,93.3.11.3 actes Pédiatrie,MOTIVATION NATIONALE,None
773,invalid_required_fields,6638300,93.3.20.2 Hospitalisations Ophtalmologie,MOTIVATION NATIONALE,None
776,invalid_required_fields,6638300,93.3.13.2 Actes chirurgicaux Odontologie,MOTIVATION NATIONALE,None
817,invalid_required_fields,6638300,93.3.12.3 Dialyse,MOTIVATION NATIONALE,None
853,invalid_required_fields,6638300,93.1.5.3.2 Gestion des carrières et des compétences,MOTIVATION NATIONALE,None
868,invalid_required_fields,6638100,93.3.8.3 endoscopie,AUTRES INDEMNITES,None
880,invalid_required_fields,6638100,93.3.20.2 Hospitalisations Ophtalmologie,AUTRES INDEMNITES,None
902,invalid_required_fields,6638100,93.1.14.1 Pharmacie IB,AUTRES INDEMNITES,None
923,invalid_required_fields,6638100,93.3.12.2 Hospitalisations de jour Néphrologie Hémodialyse,AUTRES INDEMNITES,None
988,invalid_required_fields,6052000,93.3.20.2 Hospitalisations Ophtalmologie,FOURNITURES NON STOCKABLES - ELECTRICITE,None
1010,invalid_required_fields,6052000,93.1.14.1 Pharmacie IB,FOURNITURES NON STOCKABLES - ELECTRICITE,None
1016,invalid_required_fields,6052000,93.3.3.2 Mise en Observations Consultations externes,FOURNITURES NON STOCKABLES - ELECTRICITE,None
1031,invalid_required_fields,6052000,93.3.12.2 Hospitalisations de jour Néphrologie Hémodialyse,FOURNITURES NON STOCKABLES - ELECTRICITE,None
1037,invalid_required_fields,6052000,93.1.1.2.1 CA,FOURNITURES NON STOCKABLES - ELECTRICITE,None
1038,invalid_required_fields,6052000,93.1.1.2.2 CME,FOURNITURES NON STOCKABLES - ELECTRICITE,None
1039,invalid_required_fields,6052000,93.1.1.2.3 CTE,FOURNITURES NON STOCKABLES - ELECTRICITE,None
1040,invalid_required_fields,6052000,93.1.1.2.4 Commission de passation des marchés,FOURNITURES NON STOCKABLES - ELECTRICITE,None
1055,invalid_required_fields,6052000,93.1.11.1 Brancardage,FOURNITURES NON STOCKABLES - ELECTRICITE,None
1056,invalid_required_fields,6052000,93.1.11.2 Division qualité ,FOURNITURES NON STOCKABLES - ELECTRICITE,None
1058,invalid_required_fields,6052000,93.1.11.4.1 CLIN,FOURNITURES NON STOCKABLES - ELECTRICITE,None
1059,invalid_required_fields,6052000,93.1.11.4.2 Comité 5S,FOURNITURES NON STOCKABLES - ELECTRICITE,None
1061,invalid_required_fields,6052000,93.1.9.2 Cellule de communication,FOURNITURES NON STOCKABLES - ELECTRICITE,None
1063,invalid_required_fields,6052000,93.1.9.4 Prise en charge des Cas sociaux,FOURNITURES NON STOCKABLES - ELECTRICITE,None
1064,invalid_required_fields,6052000,93.1.9.5 MAGAL,FOURNITURES NON STOCKABLES - ELECTRICITE,None
1068,invalid_required_fields,6052000,93.1.5.3.1 Bureau formation,FOURNITURES NON STOCKABLES - ELECTRICITE,None
1070,invalid_required_fields,6052000,93.1.5.3.3 CHST,FOURNITURES NON STOCKABLES - ELECTRICITE,None
1096,invalid_required_fields,6043000,93.3.20.2 Hospitalisations Ophtalmologie,PRODUITS D'ENTRETIEN,None
1118,invalid_required_fields,6043000,93.1.14.1 Pharmacie IB,PRODUITS D'ENTRETIEN,None
1119,invalid_required_fields,6043000,93.1.14.2 Pharmacie centrale ,PRODUITS D'ENTRETIEN,None
1124,invalid_required_fields,6043000,93.3.3.2 Mise en Observations Consultations externes,PRODUITS D'ENTRETIEN,None
1132,invalid_required_fields,6043000,93.3.6.4 MAPA,PRODUITS D'ENTRETIEN,None
1133,invalid_required_fields,6043000,93.3.6.5 Echocoeur,PRODUITS D'ENTRETIEN,None
1134,invalid_required_fields,6043000,93.3.6.6 Holter,PRODUITS D'ENTRETIEN,None
1139,invalid_required_fields,6043000,93.3.12.2 Hospitalisations de jour Néphrologie Hémodialyse,PRODUITS D'ENTRETIEN,None
1145,invalid_required_fields,6043000,93.1.1.2.1 CA,PRODUITS D'ENTRETIEN,None
1146,invalid_required_fields,6043000,93.1.1.2.2 CME,PRODUITS D'ENTRETIEN,None
1147,invalid_required_fields,6043000,93.1.1.2.3 CTE,PRODUITS D'ENTRETIEN,None
1148,invalid_required_fields,6043000,93.1.1.2.4 Commission de passation des marchés,PRODUITS D'ENTRETIEN,None
1160,invalid_required_fields,6043000,93.1.3.2 division Comptabilité analytique,PRODUITS D'ENTRETIEN,None
1161,invalid_required_fields,6043000,93.1.3.3 division suivi budgétaire,PRODUITS D'ENTRETIEN,None
1163,invalid_required_fields,6043000,93.1.11.1 Brancardage,PRODUITS D'ENTRETIEN,None
1164,invalid_required_fields,6043000,93.1.11.2 Division qualité ,PRODUITS D'ENTRETIEN,None
1166,invalid_required_fields,6043000,93.1.11.4.1 CLIN,PRODUITS D'ENTRETIEN,None
1167,invalid_required_fields,6043000,93.1.11.4.2 Comité 5S,PRODUITS D'ENTRETIEN,None
1168,invalid_required_fields,6043000,93.1.9.1 Secrétariat SS,PRODUITS D'ENTRETIEN,None
1169,invalid_required_fields,6043000,93.1.9.2 Cellule de communication,PRODUITS D'ENTRETIEN,None
1170,invalid_required_fields,6043000,93.1.9.3 Division accueil et orientation,PRODUITS D'ENTRETIEN,None
1171,invalid_required_fields,6043000,93.1.9.4 Prise en charge des Cas sociaux,PRODUITS D'ENTRETIEN,None
1172,invalid_required_fields,6043000,93.1.9.5 MAGAL,PRODUITS D'ENTRETIEN,None
1176,invalid_required_fields,6043000,93.1.5.3.1 Bureau formation,PRODUITS D'ENTRETIEN,None
1178,invalid_required_fields,6043000,93.1.5.3.3 CHST,PRODUITS D'ENTRETIEN,None
1179,invalid_required_fields,6043000,"93.1. 12.2 Division génie-civil (infrastructures, etc)",PRODUITS D'ENTRETIEN,None
1180,invalid_required_fields,6043000,93.1. 12.3 Division biomédicale,PRODUITS D'ENTRETIEN,None
1181,invalid_required_fields,6043000,93.1. 12.4 Cellule informatique et télécoms,PRODUITS D'ENTRETIEN,None
1182,invalid_required_fields,6043000,93.1. 12.5 magasin STM,PRODUITS D'ENTRETIEN,None
1185,invalid_required_fields,6043000,93.1.7.1 Magasin CM,PRODUITS D'ENTRETIEN,None
1186,invalid_required_fields,6043000,93.1.7.2 Comptabilité des matières S,PRODUITS D'ENTRETIEN,None
1204,invalid_required_fields,6047000,93.3.20.2 Hospitalisations Ophtalmologie,FOURNITURES DE BUREAU,None
1226,invalid_required_fields,6047000,93.1.14.1 Pharmacie IB,FOURNITURES DE BUREAU,None
1232,invalid_required_fields,6047000,93.3.3.2 Mise en Observations Consultations externes,FOURNITURES DE BUREAU,None
1247,invalid_required_fields,6047000,93.3.12.2 Hospitalisations de jour Néphrologie Hémodialyse,FOURNITURES DE BUREAU,None
1253,invalid_required_fields,6047000,93.1.1.2.1 CA,FOURNITURES DE BUREAU,None
1254,invalid_required_fields,6047000,93.1.1.2.2 CME,FOURNITURES DE BUREAU,None
1255,invalid_required_fields,6047000,93.1.1.2.3 CTE,FOURNITURES DE BUREAU,None
1256,invalid_required_fields,6047000,93.1.1.2.4 Commission de passation des marchés,FOURNITURES DE BUREAU,None
1269,invalid_required_fields,6047000,93.1.3.3 division suivi budgétaire,FOURNITURES DE BUREAU,None
1271,invalid_required_fields,6047000,93.1.11.1 Brancardage,FOURNITURES DE BUREAU,None
1272,invalid_required_fields,6047000,93.1.11.2 Division qualité ,FOURNITURES DE BUREAU,None
1274,invalid_required_fields,6047000,93.1.11.4.1 CLIN,FOURNITURES DE BUREAU,None
1275,invalid_required_fields,6047000,93.1.11.4.2 Comité 5S,FOURNITURES DE BUREAU,None
1277,invalid_required_fields,6047000,93.1.9.2 Cellule de communication,FOURNITURES DE BUREAU,None
1284,invalid_required_fields,6047000,93.1.5.3.1 Bureau formation,FOURNITURES DE BUREAU,None
1311,invalid_required_fields,6047100,93.3.20.2 Hospitalisations Ophtalmologie,CONSOMMABLES INFORMATIQUES,None
1349,invalid_required_fields,6047100,93.3.19.1 Consultations ORL,CONSOMMABLES INFORMATIQUES,None
1359,invalid_required_fields,6047100,93.1.1.2.1 CA,CONSOMMABLES INFORMATIQUES,None
1360,invalid_required_fields,6047100,93.1.1.2.2 CME,CONSOMMABLES INFORMATIQUES,None
1361,invalid_required_fields,6047100,93.1.1.2.3 CTE,CONSOMMABLES INFORMATIQUES,None
1362,invalid_required_fields,6047100,93.1.1.2.4 Commission de passation des marchés,CONSOMMABLES INFORMATIQUES,None
1518,invalid_required_fields,6080000,93.1.14.1 Pharmacie IB,ACHATS D'EMBALLAGES,None
1555,invalid_required_fields,6581000,93.1.2.3.3 Parc automobile,FONCTIONNEMENT DU CA ET AUTRES ORGANES,None
1558,invalid_required_fields,6581000,93.3.21.1 Stérilisation Bloc,FONCTIONNEMENT DU CA ET AUTRES ORGANES,None
1565,invalid_required_fields,6582000,93.1.1.1 Secrétariat Direction,DONS (APPUIS),None
1567,invalid_required_fields,6582000,93.3.10.2 hospitalisations Pédiatrie,DONS (APPUIS),None
1569,invalid_required_fields,6582000,93.3.10.3 actes Pédiatrie,DONS (APPUIS),None
1571,invalid_required_fields,6582000,93.3.19.2 Hospitalisations ORL,DONS (APPUIS),None
1572,invalid_required_fields,6582000,93.3.19.3 actes ORL,DONS (APPUIS),None
1575,invalid_required_fields,6270000,93.1.15 Banque de sang,"PUBLICITES, PUBLICATIONS ET RELATIONS PUBLIQUES",None
1580,invalid_required_fields,6330000,93.3.10.1 consultations Pédiatrie,FRAIS DE FORMATION DU PERSONNEL,None
1582,invalid_required_fields,6330000,93.1.1.1 Secrétariat Direction,FRAIS DE FORMATION DU PERSONNEL,None
1602,invalid_required_fields,6330000,93.1.3.1 Secrétaire CG,FRAIS DE FORMATION DU PERSONNEL,None
1604,invalid_required_fields,6330000,93.1.3.3 division suivi budgétaire,FRAIS DE FORMATION DU PERSONNEL,None
1619,invalid_required_fields,6810000,93.3.8.3 endoscopie,DOTATION AUX AMORTISSEMENTS,None
1631,invalid_required_fields,6810000,93.3.20.2 Hospitalisations Ophtalmologie,DOTATION AUX AMORTISSEMENTS,None
1653,invalid_required_fields,6810000,93.1.14.1 Pharmacie IB,DOTATION AUX AMORTISSEMENTS,None
1659,invalid_required_fields,6810000,93.3.3.2 Mise en Observations Consultations externes,DOTATION AUX AMORTISSEMENTS,None
1674,invalid_required_fields,6810000,93.3.12.2 Hospitalisations de jour Néphrologie Hémodialyse,DOTATION AUX AMORTISSEMENTS,None
1687,invalid_required_fields,None,93.1.2.3.2 Buanderie,None,None
1698,invalid_required_fields,6810000,93.1.11.1 Brancardage,DOTATION AUX AMORTISSEMENTS,None
1699,invalid_required_fields,6810000,93.1.11.2 Division qualité ,DOTATION AUX AMORTISSEMENTS,None
1701,invalid_required_fields,6810000,93.1.11.4.1 CLIN,DOTATION AUX AMORTISSEMENTS,None
1702,invalid_required_fields,6810000,93.1.11.4.2 Comité 5S,DOTATION AUX AMORTISSEMENTS,None
1704,invalid_required_fields,6810000,93.1.9.2 Cellule de communication,DOTATION AUX AMORTISSEMENTS,None
1706,invalid_required_fields,6810000,93.1.9.4 Prise en charge des Cas sociaux,DOTATION AUX AMORTISSEMENTS,None
1707,invalid_required_fields,6810000,93.1.9.5 MAGAL,DOTATION AUX AMORTISSEMENTS,None
1711,invalid_required_fields,6810000,93.1.5.3.1 Bureau formation,DOTATION AUX AMORTISSEMENTS,None
1713,invalid_required_fields,6810000,93.1.5.3.3 CHST,DOTATION AUX AMORTISSEMENTS,None
1901,invalid_required_fields,None,None,None,2612379784
